{
    "$schema": "https://schema.management.azure.com/schemas/2019-04-01/deploymentTemplate.json#",
    "contentVersion": "1.0.0.0",
    "parameters": {
        "factoryName": {
            "type": "string",
            "defaultValue": "adxanalytics-adf"
        },
        "sqlLinkedService": { 
            "type": "string",
            "defaultValue": "SqlServerLinkedService"
        },
        "ADXLinkedService": { 
            "type": "string",
            "defaultValue": "KustoClusterLinkedService" 
            }
    },
    "variables": { "factoryId": "[concat('Microsoft.DataFactory/factories/', parameters('factoryName'))]" },
    "resources": [
        {
            "name": "[concat(parameters('factoryName'), '/SQLToADX_orders')]",
            "type": "Microsoft.DataFactory/factories/pipelines",
            "apiVersion": "2018-06-01",
            "properties": {
                "activities": [
                    {
                        "name": "Data flow1",
                        "type": "ExecuteDataFlow",
                        "dependsOn": [],
                        "policy": {
                            "timeout": "0.12:00:00",
                            "retry": 0,
                            "retryIntervalInSeconds": 30,
                            "secureOutput": false,
                            "secureInput": false
                        },
                        "userProperties": [],
                        "typeProperties": {
                            "dataflow": {
                                "referenceName": "SQLToADX_orders",
                                "type": "DataFlowReference",
                                "parameters": {},
                                "datasetParameters": {
                                    "source1": {},
                                    "sink1": {}
                                }
                            },
                            "staging": {},
                            "compute": {
                                "coreCount": 8,
                                "computeType": "General"
                            },
                            "traceLevel": "Fine"
                        }
                    }
                ],
                "policy": {
                    "elapsedTimeMetric": {},
                    "cancelAfter": {}
                },
                "annotations": []
            },
            "dependsOn": [ "[concat(variables('factoryId'), '/dataflows/SQLToADX_orders')]" ]
        },
        {
            "name": "[concat(parameters('factoryName'), '/SQLToADX_orders')]",
            "type": "Microsoft.DataFactory/factories/dataflows",
            "apiVersion": "2018-06-01",
            "properties": {
                "type": "MappingDataFlow",
                "typeProperties": {
                    "sources": [
                        {
                            "linkedService": {
                                "referenceName": "[parameters('sqlLinkedService')]",
                                "type": "LinkedServiceReference"
                            },
                            "name": "source1"
                        }
                    ],
                    "sinks": [
                        {
                            "linkedService": {
                                "referenceName": "[parameters('ADXLinkedService')]",
                                "type": "LinkedServiceReference"
                            },
                            "name": "sink1"
                        }
                    ],
                    "transformations": [],
                    "scriptLines": [ "source(allowSchemaDrift: true,", "     validateSchema: false,", "     enableCdc: true,", "     mode: 'read',", "     skipInitialLoad: false,", "     waterMarkColumn: 'ModifiedDate',", "     format: 'table',", "     store: 'sqlserver',", "     schemaName: 'SalesLT',", "     tableName: 'SalesOrderDetail',", "     isolationLevel: 'READ_UNCOMMITTED') ~> source1", "source1 sink(allowSchemaDrift: true,", "     validateSchema: false,", "     format: 'table',", "     tableName: 'bronzeOrders',", "     store: 'azuredataexplorer',", "     skipDuplicateMapInputs: true,", "     skipDuplicateMapOutputs: true) ~> sink1" ]
                }
            },
            "dependsOn": []
        }
    ]
}